{"cameraMode":{"drawMode":0,"name":"Shaded","section":"Shading Mode"},"sceneLighting":true,"audioPlay":false,"sceneViewState":{"m_AlwaysRefresh":false,"showFog":true,"showSkybox":true,"showFlares":true,"showImageEffects":true,"showParticleSystems":true,"showVisualEffectGraphs":true,"m_FxEnabled":true},"in2DMode":false,"pivot":{"x":34.07427978515625,"y":-15.753643035888672,"z":103.14568328857422},"rotation":{"x":-0.09896848350763321,"y":-0.053139280527830127,"z":0.005563540384173393,"w":-0.9934503436088562},"size":55.14905548095703,"orthographic":false}